_id,YESIL_ALAN_TURU,ILCE,MAHALLE,ADRES,PARK_ADI,YESIL_ALAN_MIKTARI,KONDISYON_TAKIMI,OYUN_GRUBU
1,Sahil Bandı,BAYRAKLI,BAYRAKLI,Sahil Boyu,BAYRAKLI SAHİL,155389.57999999998719431459903717041015625,3,4
2,PARK,BAYRAKLI,SOĞUKKUYU,1847 Sokak,UMATEM PARKI,5961.8699999999998908606357872486114501953125,,1
3,PARK,BAYRAKLI,SOĞUKKUYU,"",1848 SOKAK YENI PARK KÜÇÜK,638.6699999999999590727384202182292938232421875,1,
4,PARK,BAYRAKLI,YAMANLAR,7303 Sokak,PETKİM PARKI,5283.510000000000218278728425502777099609375,,1
5,PARK,BAYRAKLI,ORG.NAFİZ GÜRMAN,7171 Sokak,ORG. NAFİZ GÜRMAN FUTBOL SAHASI YANI,6031.239999999999781721271574497222900390625,,1
6,PARK,BAYRAKLI,75. YIL,"",75. YIL PARKI (KÜÇÜK),1412.990000000000009094947017729282379150390625,,1
7,PARK,BAYRAKLI,EMEK,7261 Sokak,GÜMÜŞPALA ÖĞRENİM BİRİMİ,2113.90999999999985448084771633148193359375,,1
8,PARK,BAYRAKLI,SOĞUKKUYU,Girne Bulvarı /Yeni Girne Kapalı Pazaryeri Yanı,İZZET ERİŞEN PARKI -1,1568.079999999999927240423858165740966796875,1,1
9,PARK,BAYRAKLI,75. YIL,1620/41 Sokak,75. YIL PARKI (BÜYÜK),13429.09000000000014551915228366851806640625,2,1
10,PARK,BAYRAKLI,SOĞUKKUYU,"",1848 SOKAK YENI PARK BÜYÜK,1771.1300000000001091393642127513885498046875,,1
11,YEŞİL ALAN,BAYRAKLI,SOĞUKKUYU,1851/10 Sokak,1848 SOKAK YEŞİL ALAN,2919.84999999999990905052982270717620849609375,,
12,REKREASYON ALANI,BAYRAKLI,CENGİZHAN, 1620/39 Sokak,ORD.PROF.DR.EKREM AKURGAL YAŞAM PARKI,90001.960000000006402842700481414794921875,3,3
13,PARK,BAYRAKLI,75. YIL,"",75. YIL PARKI (BÜYÜK),889.950000000000045474735088646411895751953125,,1
14,PARK,BAYRAKLI,MANSUROĞLU,"",BAYRAKLI 75. YIL PARKI,11320.940000000000509317032992839813232421875,,
15,PARK,BAYRAKLI,SOĞUKKUYU,"",İZZET ERİŞEN PARKI -2,5361.420000000000072759576141834259033203125,,
16,PARK,BAYRAKLI,ORG.NAFİZ GÜRMAN,7160 Sokak,ORG.NAFIZ GÜRMAN MAHALLESİ PARKI (7160 SOKAK),4269.0600000000004001776687800884246826171875,1,1
17,PARK,BAYRAKLI,75. YIL,1620/39 Sokak,75. YIL PARKI (KÜÇÜK),2129.9600000000000363797880709171295166015625,,1
18,PARK,BAYRAKLI,EMEK,Şehit Asteğmen Mesut Uzlu Sokak,EMEK MAHALLESİ PARKI (EÇEV),55683.9400000000023283064365386962890625,,
19,PARK,BAYRAKLI,YAMANLAR,"",YAMANLAR CEM EVI PARKI,2000.5,,
20,PARK,BAYRAKLI,POSTACILAR,"",POSTACILAR MAHALLESİ PARKI,2535.80999999999994543031789362430572509765625,,
21,PARK,BAYRAKLI,75. YIL,"",75. YIL MUHTARLIK ARKASI PARKI,1190.529999999999972715158946812152862548828125,,
22,PARK,BAYRAKLI,GÜMÜŞPALA,"",ŞELALE PARKI,8077.0399999999999636202119290828704833984375,,1
23,PARK,BAYRAKLI,ADALET,Manas Bulvarı No: 78,ADALET MAHALLESİ MUHTARLIĞI YANI PARKI,1640.089999999999918145476840436458587646484375,1,1
24,PARK,BAYRAKLI,MANAVKUYU,617 Sokak,YÜZBAŞI İBRAHİM HAKKI CADDESİ (BAHAR TAKSİ ARKASI PARK),25603.830000000001746229827404022216796875,1,1
25,PARK,BAYRAKLI,MANAVKUYU,617/1 Sokak,YÜZBAŞI İBRAHIM HAKKI CADDESİ (OPET ARKASI PARK),21928.54999999999927240423858165740966796875,1,
26,PARK,BAYRAKLI,MANAVKUYU,249/2 Sokak,YÜZBAŞI İBRAHİM HAKKI CADDESİ (CEVİZLİ PARK),7854.4300000000002910383045673370361328125,1,1
27,REKREASYON ALANI,BAYRAKLI,MANSUROĞLU,Alija İzzet Begoviç Caddesi,ŞEHİT POLİS FETHİ SEKİN PARKI,39309.800000000002910383045673370361328125,,2
28,PARK,BAYRAKLI,MANSUROĞLU,"",BAYRAKLI 292 SOKAK PARKI,4504.600000000000363797880709171295166015625,,
29,PARK,BAYRAKLI,MANSUROĞLU,283/14 Sokak,ŞEHİT HAKAN ÜNAL PARKI,31945.81000000000130967237055301666259765625,1,1
30,PARK,BAYRAKLI,GÜMÜŞPALA,"",GÜMÜŞPALA 7000 SOKAK PARKI,2300,,
31,MEYDAN,BORNOVA,ERZENE,"",BORNOVA MEYDAN,7644.97999999999956344254314899444580078125,,
32,YEŞİL ALAN,BORNOVA,ERZENE,"",EVKA -3 METRO İSTASYONU ÜSTÜ,7032.3800000000001091393642127513885498046875,,
33,PARK,BORNOVA,İNÖNÜ,756 Sokak,İNÖNÜ MAHALLESİ PARKI,3325.75,1,1
34,PARK,BORNOVA,EVKA 3,Şehit Taha Carım Sokak ,125 SOKAK PARKI (GÜRMAR YANI),11861.139999999999417923390865325927734375,,1
35,PARK,BORNOVA,EVKA 3,108/2 Sokak,119 SOKAK PARKI (MİGROS YANI),11544.09000000000014551915228366851806640625,1,
36,PARK,BORNOVA,EVKA 4,1027 Sokak No:24,EVKA-4 SPOR SALONU YANI,24097.49000000000160071067512035369873046875,,1
37,PARK,BORNOVA,ATATÜRK,916 Sokak,ZÜMRÜTEVLERİ PARKI,30361.830000000001746229827404022216796875,1,1
38,PARK,BORNOVA,EVKA 3,119 Sokak,85. YIL ANADOLU AJANSI PARKI,11049.45000000000072759576141834259033203125,1,1
39,REKREASYON ALANI,BORNOVA,ATATÜRK,Barbaros Caddesi 920 Sokak,MACERA PARK,30002.610000000000582076609134674072265625,,3
40,PARK,BORNOVA,İNÖNÜ,Özdar Caddesi 823 Sokak,BORNOVA CEM EVİ KÜLTÜR MERKEZİ YANI PARKI,2631.26999999999998181010596454143524169921875,,1
41,PARK,BORNOVA,EVKA 3,"",EVKA -3 DERE KENARI PARKI,3599.260000000000218278728425502777099609375,,
42,PARK,BORNOVA,İNÖNÜ,768 Sokak,İNÖNÜ MAHAHALLESİ PARKI -1,2450.71999999999979991116560995578765869140625,1,1
43,REKREASYON ALANI,BORNOVA,KIZILAY,Yüzbaşı İbrahim Hakkı Caddesi,AŞIK VEYSEL REKREASYON ALANI,224599.75,3,3
44,PARK,BORNOVA,ERGENE,456/7 Sokak,ERGENE MAHALLESİ PARKI,2064.82000000000016370904631912708282470703125,1,1
45,REKREASYON ALANI,BORNOVA,ERGENE,Çilek Sokak,HOMEROS VADİSİ,556266.390000000013969838619232177734375,1,2
46,PARK,BORNOVA,EVKA 3,"",116 SOKAK DİYALİZ YAMAÇ,4500,,
47,PARK,BORNOVA,YUNUS EMRE,7520 Sokak,YUNUS EMRE MAHALLESİ PARKI (MUHTARLIK YANI),1167.15000000000009094947017729282379150390625,,1
48,PARK,BORNOVA,NALDÖKEN,1261 Sokak,NALDÖKEN MAHALLESİ PARKI,584.9099999999999681676854379475116729736328125,,1
49,PARK,BORNOVA,DOĞANLAR,1527 Sokak,DOĞANLAR MAHALLESİ PARKI,1093.51999999999998181010596454143524169921875,,
50,PARK,BORNOVA,YUNUS EMRE,"",YUNUS EMRE MAHALLESİ PARKI (7552 SOKAK) (ATA EKMEK ÖNÜ),561.3400000000000318323145620524883270263671875,,
51,PARK,BORNOVA,ÇAMKULE,4713 Sokak,ÇAMKULE PARKI,512.51999999999998181010596454143524169921875,,1
52,PARK,BORNOVA,YUNUS EMRE,7550 Sokak,YUNUS EMRE MAHALLESİ PARKI (7550 SOKAK),1557.26999999999998181010596454143524169921875,1,1
53,PARK,BORNOVA,IŞIKLAR,6014 Sokak,IŞIKLAR MAHALLESİ PARKI,485.20999999999997953636921010911464691162109375,,1
54,PARK,BORNOVA,YEŞİLÇAM,2004 Sokak,YEŞİLÇAM PARKI,2411.63999999999987267074175179004669189453125,1,1
55,REKREASYON ALANI,BORNOVA,ÇAMKULE,5748 Sokak,BEHÇET UZ REKREASYON ALANI,179999.39999999999417923390865325927734375,1,2
56,REKREASYON ALANI,BORNOVA,MERİÇ,5717 Sokak,MERİÇ YAŞAYAN PARKI,54501.5999999999985448084771633148193359375,,1
57,PARK,BORNOVA,RAFET PAŞA,Yıldırım Beyazıt Caddesi,ŞEHİT ÜSTEĞMEN ÖMER BOZKURT PARKI,5918.9499999999998181010596454143524169921875,1,1
58,AĞAÇLANDIRMA ALANI,ÇİĞLİ,AYDINLIKEVLER,6784 Sokak,FAKİR BAYKURT KORULUK ALAN,15650.02000000000043655745685100555419921875,,
59,YEŞİL ALAN,ALİAĞA,SİTELER,"",ALİAĞA İZBAN İSTASYONU ÖNÜ,9207.27000000000043655745685100555419921875,1,1
60,YEŞİL ALAN,ÇİĞLİ,ATAŞEHİR,8001/3 Sokak,ÇİĞLİ KASAPLAR MEYDANI,3849.90000000000009094947017729282379150390625,,
61,YEŞİL ALAN,ÇİĞLİ,ÇAĞDAŞ,8818 Sokak,SU İSALE HATTI,52614.9599999999991268850862979888916015625,1,1
62,PARK,ÇİĞLİ,BALATÇIK,"",ESENTEPE MAHALLESI PARKI (EVKA -5 KAVŞAĞI YANI PARKI),11926.309999999999490682967007160186767578125,,1
63,PARK,ÇİĞLİ,HARMANDALI GAZİ MUSTAFA KEMAL ATATÜRK,30 Ağustos Caddesi,HARMANDALI ATATÜRK MAHALLESİ PARKI (KUBİLAY PARKI),8119.1300000000001091393642127513885498046875,,
64,PARK,MENEMEN,GÖLCÜK,9422 Sokak ,MENEMEN GÖLCÜK MAHALLESİ PARKI (9422 SOKAK),2251.48000000000001818989403545856475830078125,,1
65,PARK,ÇİĞLİ,AHMET TANER KIŞLALI,6794/1 Sokak,IŞILAY SAYGIN PARKI,13967.110000000000582076609134674072265625,1,1
66,PARK,ÇİĞLİ,İNÖNÜ, 9504 Sokak,ERDAL İNÖNÜ PARKI,3891.1199999999998908606357872486114501953125,1,1
67,PARK,ÇİĞLİ,AHMET EFENDİ,1107 Sokak,AHMET EFENDİ PARKI,6587.3599999999996725819073617458343505859375,1,1
68,PARK,ÇİĞLİ,ÇAĞDAŞ,8820/1 Sokak,DR. SADIK AHMET PARKI,7145.100000000000363797880709171295166015625,1,1
69,PARK,ÇİĞLİ,ATAŞEHİR,"",ÇİĞLİ SEMA AKSU PARKI,2196.1300000000001091393642127513885498046875,,
70,PARK,ÇİĞLİ,ATAŞEHİR,8019/11 Sokak - Nazım Hikmet Ran Bulvarı,HAVA ŞEHİTLERİ PARKI,7528.899999999999636202119290828704833984375,1,1
71,PARK,ÇİĞLİ,EVKA-5,8927 Sokak,ATATÜRK PARKI,20960.54999999999927240423858165740966796875,1,2
72,PARK,ÇİĞLİ,EVKA-5,8929 Sokak,ÇİĞLİ EVKA-5 PARKI (TOPTAN ÇÖZÜM),3537.510000000000218278728425502777099609375,1,1
73,PARK,ÇİĞLİ,İNÖNÜ,"",DOSTLUK PARKI,840.1299999999999954525264911353588104248046875,,1
74,PARK,ÇİĞLİ,ATATÜRK,"",EVKA 5 YENI PARK,4982.5600000000004001776687800884246826171875,,1
75,PARK,ÇİĞLİ,EGEKENT,8831 Sokak,EGEKENT TÖREN ALANI,35353.300000000002910383045673370361328125,1,1
76,PARK,ÇİĞLİ,BALATÇIK,8789 Sokak,BALATÇIK MAHALLESİ PARKI,4661.600000000000363797880709171295166015625,,1
77,PARK,ÇİĞLİ,EVKA-2,6808 Sokak,AHMET TANER KIŞLALI PARKI,21212.110000000000582076609134674072265625,1,1
78,PARK,ÇİĞLİ,EVKA-2,6853 Sokak,EVKA -2 SEMT MERKEZİ,3515.73000000000001818989403545856475830078125,,
79,PARK,ÇİĞLİ,BALATÇIK,8786/24 Sokak,ÇİĞLİ CEMEVİ PARKI,7323.899999999999636202119290828704833984375,1,1
80,PARK,ÇİĞLİ,EVKA-2,6851 Sokak,MİLLİ PİYANGO PARKI,6128.2200000000002546585164964199066162109375,,
81,PARK,MENEMEN,İSTİKLAL,7415 Sokak ,MENEMEN İSTİKLAL MAHALLESİ PARKI,3300.7899999999999636202119290828704833984375,1,1
82,PARK,ÇİĞLİ,İNÖNÜ,9221 Sokak,HARMANDALI İNÖNÜ MAHALLESİ PARKI -2,6391.920000000000072759576141834259033203125,1,1
83,PARK,ÇİĞLİ,EVKA-2,6800 Sokak,SABİHA GÖKÇEN PARKI,10528.9300000000002910383045673370361328125,1,1
84,PARK,MENEMEN,İNCİRLİ PINAR,109/2 Sokak,İNCİRLİ PINAR MAHALLESİ PARKI,1760.740000000000009094947017729282379150390625,1,1
85,PARK,ÇİĞLİ,İNÖNÜ,9202 Sokak,HARMANDALI İNÖNÜ MAHALLESİ PARKI-1 (MUHTARLIK YANI),4460.6999999999998181010596454143524169921875,,1
86,PARK,ÇİĞLİ,AHMET TANER KIŞLALI,6767 Sokak,ENSARİ BULUT PARKI,1868.529999999999972715158946812152862548828125,,1
87,PARK,ÇİĞLİ,YENİ MAHALLE,Anadolu Caddesi,YENİ MAHALLE PARKI,12216.170000000000072759576141834259033203125,,1
88,PARK,ÇİĞLİ,AYDINLIKEVLER,6792 Sokak,AHMET ÇİFTÇİ PARKI,8336.850000000000363797880709171295166015625,1,1
89,PARK,ÇİĞLİ,AYDINLIKEVLER,6790 Sokak,FAKİR BAYKURT PARKI,6363.0399999999999636202119290828704833984375,1,1
90,PARK,ÇİĞLİ,AYDINLIKEVLER,6796/1 Sokak,ŞEHİT ERSİN TEMEL PARKI,5639.3599999999996725819073617458343505859375,1,1
91,PARK,ÇİĞLİ,CUMHURİYET,Nazmi Kahya Caddesi ,ÇİĞLİ CUMHURİYET MAHALLESİ PARKI,2854.8000000000001818989403545856475830078125,1,1
92,PARK,ÇİĞLİ,ATATÜRK,8841 Sokak,İZKENT ÇİFTE HAVUZLAR PARKI,14652.45000000000072759576141834259033203125,1,1
93,PARK,ÇİĞLİ,GÜZELTEPE,8424/11 Sokak,GÜZELTEPE PİKNİK (MESİRE) ALANI,9109.239999999999781721271574497222900390625,1,1
94,PARK,ÇİĞLİ,AHMET TANER KIŞLALI,6762 Sokak,ŞEHİT AHMET AY PARKI,9008.5400000000008731149137020111083984375,1,1
95,PARK,ÇİĞLİ,MALTEPE,Anadolu Caddesi,ÇİĞLİ ÖĞRENİM BİRİMİ,10287.969999999999345163814723491668701171875,,1
96,PARK,ÇİĞLİ,ATAŞEHİR,8019/21 Sokak,SARIZEYBEK PARKI,27073.75,1,1
97,PARK,ÇİĞLİ,AYDINLIKEVLER,6793 Sokak,ÇİĞLİ AYDINLIKEVLER PARKI,19977.75999999999839928932487964630126953125,1,1
98,PARK,ÇİĞLİ,AHMET TANER KIŞLALI,6831 Sokak,ÇİĞLİ KÜLTÜR MERKEZİ YANI PARKI,10182.2900000000008731149137020111083984375,1,
99,PARK,MENEMEN,CUMHURİYET,7516/1 Sokak Sevgi Caddesi,KOYUNDERE CUMHURİYET MAHALLESİ PARKI,17479.95000000000072759576141834259033203125,1,1
100,PARK,ÇİĞLİ,İNÖNÜ,9501Sokak,HARMANDALI DERE KENARI PARKI,8394.510000000000218278728425502777099609375,1,1
101,YEŞİL ALAN,KARŞIYAKA,TUNA,Cemal Gürsel Caddesi,ALAYBEY SAHİL TRAMVAY HATTI,8695.620000000000800355337560176849365234375,,
102,SAHİL BANDI,KARŞIYAKA,TUNA,Cemal Gürsel Caddesi,ALAYBEY SAHİL,27710.7099999999991268850862979888916015625,1,1
103,SAHİL BANDI,KARŞIYAKA,TUNA,Cemal Gürsel Caddesi,KARŞIYAKA PELİKAN SAHİL,46794.8199999999997089616954326629638671875,1,2
104,SAHİL BANDI,KARŞIYAKA,BOSTANLI,Hasan Ali Yücel Bulvarı,BOSTANLI SAHİL,137207.70999999999185092747211456298828125,1,3
105,SAHİL BANDI,KARŞIYAKA,BOSTANLI,Hasan Ali Yücel Bulvarı,BOSTANLI VAPUR İSKELESI ÖNÜ,6212.149999999999636202119290828704833984375,,1
106,YEŞİL ALAN,KARŞIYAKA,BOSTANLI,Cengiz Topel Caddesi,BOSTANLI TRAMVAY HATTI YEŞİL ALAN,4825.65999999999985448084771633148193359375,,
107,YEŞİL ALAN,KARŞIYAKA,BOSTANLI,Cengiz Topel Caddesi,BOSTANLI ÇARŞI DURAĞI TRAMVAY HATTI YEŞİL ALAN,693.490000000000009094947017729282379150390625,,
108,YEŞİL ALAN,KARŞIYAKA,BAHRİYE ÜÇOK,1732 Sokak,KARŞIYAKA İZBAN İSTASYONU ÜSTÜ HATTI,19794.04999999999927240423858165740966796875,,
109,PARK,KARŞIYAKA,BAHARİYE,"",İZBAN HATTI SONU PARKI,1464.700000000000045474735088646411895751953125,,1
110,PARK,KARŞIYAKA,ŞEMİKLER,"",KARŞIYAKA OTELİ YANI PARKI,2200.1999999999998181010596454143524169921875,,1
111,YEŞİL ALAN,KARŞIYAKA,ZÜBEYDE HANIM,"",ÖRNEKKÖY SOSYAL PROJELER YERLEŞKESI,7445.4700000000002546585164964199066162109375,,1
112,YEŞİL ALAN,KARŞIYAKA,YALI,"",ŞEMİKLER İZBAN İSTASYONU YEŞİL ALAN,3247.75,,
113,YEŞİL ALAN,KARŞIYAKA,YALI,6525 Sokak ,MAVİŞEHİR İZBAN İSTASYONU YANI,12788.170000000000072759576141834259033203125,,
114,YEŞİL ALAN,KARŞIYAKA,BAHÇELİEVLER,Cevdet Bilsay Caddesi,SOĞUKKUYU CAMİ ÇEVRESİ,2950.01999999999998181010596454143524169921875,,
115,MEYDAN,KARŞIYAKA,TUNA,"",ANAYASA MEYDANI,8307.4300000000002910383045673370361328125,,
116,PARK,KARŞIYAKA,MAVİŞEHİR,2040 Sokak,PEYNİRCİOĞLU REKREASYON ALANI,46078.389999999999417923390865325927734375,1,1
117,REKREASYON ALANI,KARŞIYAKA,YALI,6523 Sokak,HALK PARK,55756.66000000000349245965480804443359375,2,3
118,PARK,KARŞIYAKA,ATAKENT,Hasan Ali Yücel Bulvarı,OLOF PALME PARKI,45852.169999999998253770172595977783203125,,2
119,PARK,ÇİĞLİ,ATAŞEHİR,"",KOÇTAŞ ARKASI YENİ PARK,1015.9600000000000363797880709171295166015625,,1
120,PARK,KARŞIYAKA,BOSTANLI,Hasan Ali Yücel Bulvarı -İsmail Sivri Sokak,HIFZIVELDET VELİ DEDEOĞLU PARKI,15197.34000000000014551915228366851806640625,,1
121,PARK,KARŞIYAKA,ATAKENT,"",MALİK YAYLIM PARKI,2817.1300000000001091393642127513885498046875,,
122,PARK,KARŞIYAKA,BOSTANLI,Hasan Ali Yücel Bulvarı,KURMAY BINBAŞI RECEP GÜNGÖR PARKI,8909.219999999999345163814723491668701171875,,
123,PARK,KARŞIYAKA,BOSTANLI,"",ADNAN SAYGUN PARKI,7301.5399999999999636202119290828704833984375,,
124,PARK,KARŞIYAKA,MAVİŞEHİR,"",FLAMİNGO DOĞA PARKI,72658.1799999999930150806903839111328125,,1
125,PARK,KARŞIYAKA,YALI,Caher Dudayev Bulvarı - 6524 Sokak,MUZAFFER İZGÜ PARKI,14217.239999999999781721271574497222900390625,,1
126,PARK,KARŞIYAKA,YALI,6527 Sokak,BEKİR COŞKUN PAKO PARKI,4171.0699999999997089616954326629638671875,,
127,YEŞİL ALAN,KARŞIYAKA,ATAKENT,"",EFES 4-5-6 ÖNLERİ,2549.239999999999781721271574497222900390625,,
128,PARK,KARŞIYAKA,ÖRNEKKÖY,Baş Pehlivan Karaali Caddesi,ÖRNEKKÖY MAHALLESİ PARKI,2976.260000000000218278728425502777099609375,1,1
129,PARK,KARŞIYAKA,DEMİRKÖPRÜ, Bestekar Yusuf Nalkesen Cd.,DEMİRKÖPRÜ PARKI,3989.760000000000218278728425502777099609375,1,1
130,PARK,KARŞIYAKA,BAHÇELİEVLER,Yaşar Aksoy Sokak,SOĞUKKUYU DERE KENARI PARKI,5498.239999999999781721271574497222900390625,1,1
131,PARK,KARŞIYAKA,AKSOY,"",GAZİ JANDARMA KID.ALBAY S. LÜTFÜ BAYKARA,1685.920000000000072759576141834259033203125,,1
132,PARK,KARŞIYAKA,BAHÇELİEVLER,"",BAHÇELİEVLER YENİ PARK,1120.5,,1
133,PARK,KARŞIYAKA,ŞEMİKLER,"",KARŞIYAKA OTELİ YANI PARKI,2200.1999999999998181010596454143524169921875,,1
134,PARK,KARŞIYAKA,ALAYBEY,1671 Sokak,VOLKAN VEDAT AKAY PARKI / ALAYBEY İZBAN İSTASYONU ÜSTÜ,3474.5500000000001818989403545856475830078125,1,1
135,PARK,KARŞIYAKA,BAHARİYE,Latife Hanım Sokağı,KARŞIYAKA YASA PARKI,2238.510000000000218278728425502777099609375,,
136,PARK,KARŞIYAKA,BAHÇELİEVLER,1851 Sokak No:86,İZAY PARKI,4549.2100000000000363797880709171295166015625,1,1
137,PARK,KARŞIYAKA,BAHARİYE,"",İZBAN HATTI SONU PARKI,1464.700000000000045474735088646411895751953125,,1
138,AĞAÇLANDIRMA ALANI,ÇİĞLİ,SASALI MERKEZ,Ahmet Piriştina Caddesi,SASALI KENT ORMANI,3131238.1499999999068677425384521484375,1,4
139,MESİRE ALANI,ÇİĞLİ,SASALI MERKEZ,5. Sokak,SASALI MESİRE ALANI,23261.669999999998253770172595977783203125,1,1
